TARGET_CLASS,configuration_id,criterion,ctg_min_time_per_job,ctg_schedule,search_budget,p_object_pool,ctg_time_per_class,Size,Length,Total_Time,Random_Seed,LineCoverage,LineCoverageBitString,BranchCoverage,BranchCoverageBitString,ExceptionCoverage,ExceptionCoverageBitString,Explicit_MethodExceptions,Explicit_TypeExceptions,Implicit_MethodExceptions,Implicit_TypeExceptions,WeakMutationScore,WeakMutationCoverageBitString,OutputCoverage,OutputCoverageBitString,MethodCoverage,MethodCoverageBitString,MethodNoExceptionCoverage,MethodNoExceptionCoverageBitString,CBranchCoverage,CBranchCoverageBitString
org.apache.commons.cli.help.AbstractHelpFormatter,default,LINE;BRANCH;EXCEPTION;WEAKMUTATION;OUTPUT;METHOD;METHODNOEXCEPTION;CBRANCH,1,BUDGET,58,0.3,2,47,214,78051,1773446037071,1.0,111111111111111111111111111111111111111111111111111111111111111111111111111111111111111111111,1.0,11111111111111111111111111111111111111111111111111111111,1.0,1111111111,2,1,8,1,0.9636363636363636,11101111111111111111111111111111111111111111111111111111111111111111111111111111111110111111101111111111110111,0.6136363636363636,10101010011010111110110110110010110110110110,0.8275862068965517,11111111111111111111000001111,0.8275862068965517,11111111111111111111000001111,0.9464285714285714,11111111111111111111111111111111111111111111001111101111
